[
  {
    "link": "https://i.imgur.com/Ve4ZG8r.png",
    "body": "[A] MP5K\n[B] PP-19 Bizon\n[C] TOMMY GUN"
  },
  {
    "link": "https://static.wikia.nocookie.net/battlegrounds_gamepedia_en/images/d/d5/Icon_attach_Magazine_Extended_SniperRifle.png/revision/latest/scale-to-width-down/240?cb=20170410182146",
    "body": "[A] Extended QuickDraw Mag (Handgun, SMG)\n[B] Extended Mag (AR, DMR, S12K)\n[C] Extended Mag (DMR, SR)"
  },
  {
    "link": "https://i.imgur.com/N688gLe.png",
    "body": "[A] AKM\n[B] GROZA\n[C] M416"
  },
  {
    "link": "https://i.imgur.com/N1YQF8a.png",
    "body": "[A] MG3\n[B] M249\n[C] DP-28"
  },
  {
    "link": "https://static.wikia.nocookie.net/battlegrounds_gamepedia_en/images/1/16/Icon_weapon_M1911.png/revision/latest/scale-to-width-down/240?cb=20170410184220",
    "body": "[A] Skorpion\n[B] Flare Gun\n[C] P1911"
  },
  {
    "link": "https://i.imgur.com/nvroYCl.png",
    "body": "[A] SLR\n[B] SKS\n[C] MINI14"
  },
  {
    "link": "https://static.wikia.nocookie.net/battlegrounds_gamepedia_en/images/a/a7/Icon_ammo_bolt.png/revision/latest?cb=20180911133906",
    "body": "[A] Flare\n[B] 9mm\n[C] Bolt"
  },
  {
    "link": "https://static.wikia.nocookie.net/battlegrounds_gamepedia_en/images/1/1c/Icon_attach_Upper_PM2_01.png/revision/latest/scale-to-width-down/240?cb=20170410171021",
    "body": "[A] 15x PM II Scope\n[B] 4x ACOG Scope\n[C] 6x Scope"
  },
  {
    "link": "https://static.wikia.nocookie.net/battlegrounds_gamepedia_en/images/2/2c/Icon_attach_Upper_Holosight.png/revision/latest/scale-to-width-down/240?cb=20170410171016",
    "body": "[A] 3x Backlit Scope\n[B] 4x ACOG Scope\n[C] Holographic Sight"
  },
  {
    "link": "https://static.wikia.nocookie.net/battlegrounds_gamepedia_en/images/d/df/Icon_weapon_MG3.png/revision/latest?cb=20201216192239",
    "body": "[A] M249\n[B] DP-28\n[C] MG3"
  },
  {
    "link": "https://static.wikia.nocookie.net/battlegrounds_gamepedia_en/images/c/c6/Icon_ammo_12Guage.png/revision/latest?cb=20170410165119",
    "body": "[A] .300 Magnum\n[B] 12 Gauge\n[C] Bolt"
  },
  {
    "link": "https://i.imgur.com/Ivtp5qT.png",
    "body": "[A] Frag Grenade\n[B] Sticky Bomb\n[C] Smoke Grenade"
  },
  {
    "link": "https://i.imgur.com/r7X8MZj.png",
    "body": "[A] Machete\n[B] Crowbar\n[C] Sickle"
  },
  {
    "link": "https://i.imgur.com/LA1vwXr.png",
    "body": "[A] S1897\n[B] S686\n[C] S12K"
  },
  {
    "link": "https://static.wikia.nocookie.net/battlegrounds_gamepedia_en/images/7/73/Icon_attach_Stock_AR_Composite.png/revision/latest/scale-to-width-down/240?cb=20170410173238",
    "body": "[A] Bullet Loops\n[B] Cheek Pad\n[C] Tactical Stock"
  },
  {
    "link": "https://static.wikia.nocookie.net/battlegrounds_gamepedia_en/images/3/35/Icon_weapon_Winchester.png/revision/latest/scale-to-width-down/240?cb=20170410184326",
    "body": "[A] DBS\n[B] S1897\n[C] SAWED-OFF"
  },
  {
    "link": "https://static.wikia.nocookie.net/battlegrounds_gamepedia_en/images/3/3b/Icon_ammo_Flaregun.png/revision/latest/scale-to-width-down/240?cb=20180503080520",
    "body": "[A] Flare\n[B] 5.56mm\n[C] 9mm"
  },
  {
    "link": "https://static.wikia.nocookie.net/battlegrounds_gamepedia_en/images/5/5e/Icon_attach_Stock_UZI.png/revision/latest/scale-to-width-down/240?cb=20170410173250",
    "body": "[A] Stock for Micro UZI\n[B] Tactical Stock\n[C] Cheek Pad"
  },
  {
    "link": "https://i.imgur.com/Dcz48Hv.png",
    "body": "[A] SLR\n[B] QBU\n[C] MK14"
  },
  {
    "link": "https://i.imgur.com/ShQeLHb.png",
    "body": "[A] KAR98K\n[B] WIN94\n[C] M24"
  },
  {
    "link": "https://i.imgur.com/nGOCwyN.png",
    "body": "[A] S686\n[B] SAWED-OFF\n[C] DBS"
  },
  {
    "link": "https://static.wikia.nocookie.net/battlegrounds_gamepedia_en/images/3/33/Icon_attach_Muzzle_Suppressor_Medium.png/revision/latest/scale-to-width-down/240?cb=20170410173911",
    "body": "[A] Compensator (DMR, SR)\n[B] Suppressor (Handgun, SMG)\n[C] Compensator (AR, DMR, S12K)"
  },
  {
    "link": "https://i.imgur.com/WMk4r7E.png",
    "body": "[A] G36C\n[B] AKM\n[C] QBZ95"
  },
  {
    "link": "https://static.wikia.nocookie.net/battlegrounds_gamepedia_en/images/8/84/Icon_attach_Stock_SniperRifle_CheekPad.png/revision/latest/scale-to-width-down/240?cb=20170410173244",
    "body": "[A] Tactical Stock\n[B] Stock for Micro UZI\n[C] Cheek Pad"
  },
  {
    "link": "https://i.imgur.com/b11rQqX.png",
    "body": "[A] QBZ95\n[B] GROZA\n[C] M762"
  },
  {
    "link": "https://static.wikia.nocookie.net/battlegrounds_gamepedia_en/images/b/bc/Icon_attach_Upper_DotSight_01.png/revision/latest/scale-to-width-down/240?cb=20170410171005",
    "body": "[A] 2x Aimpoint Scope\n[B] 3x Backlit Scope\n[C] Red Dot Sight"
  },
  {
    "link": "https://static.wikia.nocookie.net/battlegrounds_gamepedia_en/images/2/28/Icon_attach_Lower_LaserPointer.png/revision/latest/scale-to-width-down/240?cb=20180905142159",
    "body": "[A] Half Grip\n[B] Angled Foregrip\n[C] Laser Sight"
  },
  {
    "link": "https://static.wikia.nocookie.net/battlegrounds_gamepedia_en/images/d/d1/Icon_attach_Lower_Foregrip.png/revision/latest/scale-to-width-down/240?cb=20170410170053",
    "body": "[A] Vertical Foregrip\n[B] Quiver\n[C] Light Grip"
  },
  {
    "link": "https://i.imgur.com/PeBUOQY.png",
    "body": "[A] VSS\n[B] MINI14\n[C] QBU"
  },
  {
    "link": "https://static.wikia.nocookie.net/battlegrounds_gamepedia_en/images/d/d1/Icon_attach_Upper_Canted_sight.png/revision/latest/scale-to-width-down/240?cb=20181207041939",
    "body": "[A] Canted sight\n[B] 6x Scope\n[C] 4x ACOG Scope"
  },
  {
    "link": "https://static.wikia.nocookie.net/battlegrounds_gamepedia_en/images/e/e8/Icon_attach_Muzzle_FlashHider_SniperRifle.png/revision/latest/scale-to-width-down/240?cb=20170410173901",
    "body": "[A] Compensator (DMR, SR)\n[B] Flash Hider (DMR, SR)\n[C] Compensator (SMG)"
  },
  {
    "link": "https://static.wikia.nocookie.net/battlegrounds_gamepedia_en/images/5/59/Icon_weapon_Deagle.png/revision/latest/scale-to-width-down/240?cb=20190619145501",
    "body": "[A] P92\n[B] P18C\n[C] Deagle"
  },
  {
    "link": "https://static.wikia.nocookie.net/battlegrounds_gamepedia_en/images/1/15/Icon_weapon_SmokeBomb.png/revision/latest/scale-to-width-down/240?cb=20170410184306",
    "body": "[A] Stun Grenade\n[B] Smoke Grenade\n[C] Molotov Cocktail"
  },
  {
    "link": "https://static.wikia.nocookie.net/battlegrounds_gamepedia_en/images/9/94/Icon_attach_Duckbill.png/revision/latest/scale-to-width-down/240?cb=20180501112503",
    "body": "[A] Flash Hider (SMG)\n[B] Flash Hider (AR, DMR, S12K)\n[C] Duckbill (SG)"
  },
  {
    "link": "https://i.imgur.com/3BuLpX3.png",
    "body": "[A] C4\n[B] Decoy Grenade\n[C] Molotov Cocktail"
  },
  {
    "link": "https://static.wikia.nocookie.net/battlegrounds_gamepedia_en/images/9/9d/Icon_ammo_45ACP.png/revision/latest?cb=20170410165129",
    "body": "[A] 12 Gauge\n[B] .45 ACP\n[C] 7.62mm"
  },
  {
    "link": "https://static.wikia.nocookie.net/battlegrounds_gamepedia_en/images/a/ac/Icon_attach_Stock_SniperRifle_BulletLoops.png/revision/latest/scale-to-width-down/240?cb=20170410171855",
    "body": "[A] Bullet Loops\n[B] Tactical Stock\n[C] Cheek Pad"
  },
  {
    "link": "https://static.wikia.nocookie.net/battlegrounds_gamepedia_en/images/5/5f/Icon_ammo_9mm.png/revision/latest?cb=20170410165114",
    "body": "[A] 12 Gauge\n[B] 9mm\n[C] .300 Magnum"
  },
  {
    "link": "https://i.imgur.com/0EX5Zm5.png",
    "body": "[A] SCAR\n[B] M16A4\n[C] GROZA"
  },
  {
    "link": "https://i.imgur.com/qobVNTJ.png",
    "body": "[A] M762\n[B] MK47\n[C] SCAR"
  },
  {
    "link": "https://static.wikia.nocookie.net/battlegrounds_gamepedia_en/images/7/7c/Icon_attach_Magazine_QuickDraw_Medium.png/revision/latest/scale-to-width-down/240?cb=20170410182222",
    "body": "[A] QuickDraw Mag (DMR, SR)\n[B] QuickDraw Mag (Handgun, SMG)\n[C] Extended Mag (AR, DMR, S12K)"
  },
  {
    "link": "https://static.wikia.nocookie.net/battlegrounds_gamepedia_en/images/6/61/Icon_attach_Upper_ACOG_01.png/revision/latest/scale-to-width-down/240?cb=20170410170955",
    "body": "[A] 3x Backlit Scope\n[B] 4x ACOG Scope\n[C] Red Dot Sight"
  },
  {
    "link": "https://static.wikia.nocookie.net/battlegrounds_gamepedia_en/images/e/e6/Icon_attach_Magazine_Extended_Large.png/revision/latest/scale-to-width-down/240?cb=20170410182132",
    "body": "[A] Extended Mag (AR, DMR, S12K)\n[B] Extended QuickDraw Mag (DMR, SR)\n[C] QuickDraw Mag (AR, DMR, S12K)"
  },
  {
    "link": "https://static.wikia.nocookie.net/battlegrounds_gamepedia_en/images/5/50/Icon_attach_Thumb_Grip.png/revision/latest/scale-to-width-down/240?cb=20180501112633",
    "body": "[A] Angled Foregrip\n[B] Vertical Foregrip\n[C] Thumb Grip"
  },
  {
    "link": "https://static.wikia.nocookie.net/battlegrounds_gamepedia_en/images/2/25/Icon_attach_Lower_AngledForeGrip.png/revision/latest/scale-to-width-down/240?cb=20170410170047",
    "body": "[A] Thumb Grip\n[B] Light Grip\n[C] Angled Foregrip"
  },
  {
    "link": "https://static.wikia.nocookie.net/battlegrounds_gamepedia_en/images/6/6e/Icon_attach_Light_Grip.png/revision/latest/scale-to-width-down/240?cb=20180501112636",
    "body": "[A] Laser Sight\n[B] Light Grip\n[C] Half Grip"
  },
  {
    "link": "https://static.wikia.nocookie.net/battlegrounds_gamepedia_en/images/4/4f/Icon_weapon_Mosin_Nagant.png/revision/latest?cb=20200418193458",
    "body": "[A] AWM\n[B] CROSSBOW\n[C] Mosin Nagant"
  },
  {
    "link": "https://i.imgur.com/M9xeTnj.png",
    "body": "[A] S1897\n[B] SAWED-OFF\n[C] DBS"
  },
  {
    "link": "https://static.wikia.nocookie.net/battlegrounds_gamepedia_en/images/9/9d/Icon_attach_Magazine_ExtendedQuickDraw_SniperRifle.png/revision/latest/scale-to-width-down/240?cb=20170410182206",
    "body": "[A] Extended Mag (Handgun, SMG)\n[B] Extended QuickDraw Mag (AR, DMR, S12K)\n[C] Extended QuickDraw Mag (DMR, SR)"
  },
  {
    "link": "https://i.imgur.com/EwSI9C6.png",
    "body": "[A] P18C\n[B] Deagle\n[C] R45"
  },
  {
    "link": "https://i.imgur.com/tYBrLY7.png",
    "body": "[A] QBZ95\n[B] M416\n[C] AKM"
  },
  {
    "link": "https://i.imgur.com/Ge5xkMN.png",
    "body": "[A] SKS\n[B] MK14\n[C] MINI14"
  },
  {
    "link": "https://static.wikia.nocookie.net/battlegrounds_gamepedia_en/images/1/18/Icon_weapon_Flare_gun.png/revision/latest/scale-to-width-down/240?cb=20180313195016",
    "body": "[A] P92\n[B] Deagle\n[C] Flare Gun"
  },
  {
    "link": "https://i.imgur.com/3crTzEH.png",
    "body": "[A] M249\n[B] DP-28\n[C] MG3"
  },
  {
    "link": "https://static.wikia.nocookie.net/battlegrounds_gamepedia_en/images/c/c4/Icon_attach_Muzzle_Compensator_SniperRifle.png/revision/latest/scale-to-width-down/240?cb=20170410173845",
    "body": "[A] Compensator (DMR, SR)\n[B] Flash Hider (SMG)\n[C] Flash Hider (AR, DMR, S12K)"
  },
  {
    "link": "https://i.imgur.com/Fi8ccNm.png",
    "body": "[A] MACROUZI\n[B] VECTOR\n[C] MP5K"
  },
  {
    "link": "https://static.wikia.nocookie.net/battlegrounds_gamepedia_en/images/5/59/Icon_weapon_PP-19_Bizon.png/revision/latest/scale-to-width-down/240?cb=20181207041121",
    "body": "[A] MP5K\n[B] PP-19 Bizon\n[C] MACROUZI"
  },
  {
    "link": "https://static.wikia.nocookie.net/battlegrounds_gamepedia_en/images/3/32/Icon_attach_Magazine_QuickDraw_SniperRifle.png/revision/latest/scale-to-width-down/240?cb=20170410182233",
    "body": "[A] QuickDraw Mag (Handgun, SMG)\n[B] Extended QuickDraw Mag (DMR, SR)\n[C] QuickDraw Mag (DMR, SR)"
  },
  {
    "link": "https://static.wikia.nocookie.net/battlegrounds_gamepedia_en/images/5/57/Icon_attach_Magazine_QuickDraw_Large.png/revision/latest/scale-to-width-down/240?cb=20170410182211",
    "body": "[A] QuickDraw Mag (AR, DMR, S12K)\n[B] Extended Mag (DMR, SR)\n[C] QuickDraw Mag (Handgun, SMG)"
  },
  {
    "link": "https://static.wikia.nocookie.net/battlegrounds_gamepedia_en/images/f/fd/Icon_weapon_C4.png/revision/latest?cb=20180909184324",
    "body": "[A] Decoy Grenade\n[B] C4\n[C] Molotov Cocktail"
  },
  {
    "link": "https://i.imgur.com/2VZogz2.png",
    "body": "[A] KAR98K\n[B] Mosin Nagant\n[C] M24"
  },
  {
    "link": "https://static.wikia.nocookie.net/battlegrounds_gamepedia_en/images/5/54/Icon_attach_Half_Grip.png/revision/latest/scale-to-width-down/240?cb=20180501112639",
    "body": "[A] Vertical Foregrip\n[B] Half Grip\n[C] Laser Sight"
  },
  {
    "link": "https://static.wikia.nocookie.net/battlegrounds_gamepedia_en/images/9/93/Icon_ammo_762mm.png/revision/latest/scale-to-width-down/240?cb=20170410165148",
    "body": "[A] 7.62mm\n[B] Flare\n[C] 9mm"
  },
  {
    "link": "https://i.imgur.com/nUgixep.png",
    "body": "[A] MINI14\n[B] MK14\n[C] SKS"
  },
  {
    "link": "https://static.wikia.nocookie.net/battlegrounds_gamepedia_en/images/4/42/Icon_attach_Muzzle_FlashHider_Medium.png/revision/latest/scale-to-width-down/240?cb=20170410173857",
    "body": "[A] Flash Hider (SMG)\n[B] Duckbill (SG)\n[C] Compensator (SMG)"
  },
  {
    "link": "https://static.wikia.nocookie.net/battlegrounds_gamepedia_en/images/6/69/Icon_weapon_Cowbar.png/revision/latest?cb=20170410184129",
    "body": "[A] Pan\n[B] Crowbar\n[C] Machete"
  },
  {
    "link": "https://static.wikia.nocookie.net/battlegrounds_gamepedia_en/images/7/7b/Icon_attach_Magazine_ExtendedQuickDraw_Medium.png/revision/latest/scale-to-width-down/240?cb=20170410182156",
    "body": "[A] Extended QuickDraw Mag (Handgun, SMG)\n[B] QuickDraw Mag (DMR, SR)\n[C] Extended Mag (Handgun, SMG)"
  },
  {
    "link": "https://i.imgur.com/egKamZJ.png",
    "body": "[A] Stun Grenade\n[B] Sticky Bomb\n[C] Frag Grenade"
  },
  {
    "link": "https://static.wikia.nocookie.net/battlegrounds_gamepedia_en/images/a/a8/Icon_attach_Upper_Aimpoint2X_01.png/revision/latest/scale-to-width-down/240?cb=20170419190150",
    "body": "[A] Red Dot Sight\n[B] Holographic Sight\n[C] 2x Aimpoint Scope"
  },
  {
    "link": "https://static.wikia.nocookie.net/battlegrounds_gamepedia_en/images/6/62/Icon_attach_Muzzle_Compensator_Medium.png/revision/latest/scale-to-width-down/240?cb=20180910004914",
    "body": "[A] Compensator (AR, DMR, S12K)\n[B] Compensator (SMG)\n[C] Flash Hider (DMR, SR)"
  },
  {
    "link": "https://static.wikia.nocookie.net/battlegrounds_gamepedia_en/images/6/65/Icon_attach_Muzzle_Choke.png/revision/latest/scale-to-width-down/240?cb=20170410173829",
    "body": "[A] Flash Hider (DMR, SR)\n[B] Duckbill (SG)\n[C] Choke (SG) "
  },
  {
    "link": "https://static.wikia.nocookie.net/battlegrounds_gamepedia_en/images/5/58/Icon_attach_Magazine_ExtendedQuickDraw_Large.png/revision/latest/scale-to-width-down/240?cb=20170410182151",
    "body": "[A] Extended Mag (AR, DMR, S12K)\n[B] Extended QuickDraw Mag (AR, DMR, S12K)\n[C] Extended QuickDraw Mag (DMR, SR)"
  },
  {
    "link": "https://i.imgur.com/ANqOlMO.png",
    "body": "[A] Sickle\n[B] Machete\n[C] Pan"
  },
  {
    "link": "https://static.wikia.nocookie.net/battlegrounds_gamepedia_en/images/c/ca/Icon_attach_Muzzle_Suppressor_Large.png/revision/latest/scale-to-width-down/240?cb=20170410173906",
    "body": "[A] Flash Hider (DMR, SR)\n[B] Suppressor (AR, DMR, S12K)\n[C] Compensator (DMR, SR)"
  },
  {
    "link": "https://static.wikia.nocookie.net/battlegrounds_gamepedia_en/images/6/62/Icon_attach_Magazine_Extended_Medium.png/revision/latest/scale-to-width-down/240?cb=20170410182617",
    "body": "[A] Extended Mag (DMR, SR)\n[B] Extended Mag (Handgun, SMG)\n[C] Extended Mag (AR, DMR, S12K)"
  },
  {
    "link": "https://i.imgur.com/4eQ6W17.png",
    "body": "[A] Pan\n[B] Crowbar\n[C] Machete"
  },
  {
    "link": "https://i.imgur.com/qjfh2x1.png",
    "body": "[A] UMP5K\n[B] PP-19 Bizon\n[C] MP5K"
  },
  {
    "link": "https://i.imgur.com/Bom4BiS.png",
    "body": "[A] AWM\n[B] Mosin Nagant\n[C] M24"
  },
  {
    "link": "https://i.imgur.com/USJV2Q5.png",
    "body": "[A] MP5K\n[B] TOMMY GUN\n[C] MACROUZI"
  },
  {
    "link": "https://i.imgur.com/R8wtjzZ.png",
    "body": "[A] AUG\n[B] AKM\n[C] MK47"
  },
  {
    "link": "https://static.wikia.nocookie.net/battlegrounds_gamepedia_en/images/b/b8/Icon_attach_Upper_6x.png/revision/latest/scale-to-width-down/240?cb=20180501112756",
    "body": "[A] 6x Scope\n[B] 2x Aimpoint Scope\n[C] 3x Backlit Scope"
  },
  {
    "link": "https://i.imgur.com/mmFF5jq.png",
    "body": "[A] P18C\n[B] R45\n[C] Flare Gun"
  },
  {
    "link": "https://i.imgur.com/yNVYUy5.png",
    "body": "[A] M416\n[B] MK47\n[C] GROZA"
  },
  {
    "link": "https://i.imgur.com/yt7MuCa.png",
    "body": "[A] SCAR\n[B] M762\n[C] QBZ95"
  },
  {
    "link": "https://i.imgur.com/RNVerCW.png",
    "body": "[A] AWM\n[B] WIN94\n[C] Mosin Nagant"
  },
  {
    "link": "https://static.wikia.nocookie.net/battlegrounds_gamepedia_en/images/5/53/Icon_weapon_Sticky_Bomb.png/revision/latest?cb=20200227203849",
    "body": "[A] Stun Grenade\n[B] Sticky Bomb\n[C] Smoke Grenade"
  },
  {
    "link": "https://static.wikia.nocookie.net/battlegrounds_gamepedia_en/images/7/7f/Quiver_for_Crossbow.png/revision/latest/scale-to-width-down/240?cb=20170627194908",
    "body": "[A] Half Grip\n[B] Light Grip\n[C] Quiver"
  },
  {
    "link": "https://static.wikia.nocookie.net/battlegrounds_gamepedia_en/images/f/fe/Icon_attach_Muzzle_Compensator_Large.png/revision/latest/scale-to-width-down/240?cb=20170410173835",
    "body": "[A] Compensator (AR, DMR, S12K)\n[B] Choke (SG) \n[C] Flash Hider (AR, DMR, S12K)"
  },
  {
    "link": "https://i.imgur.com/OJMPGI1.png",
    "body": "[A] M762\n[B] M416\n[C] AUG"
  },
  {
    "link": "https://i.imgur.com/gd0HTXO.png",
    "body": "[A] P92\n[B] Skorpion\n[C] Flare Gun"
  },
  {
    "link": "https://i.imgur.com/IT4iUDk.png",
    "body": "[A] Skorpion\n[B] Flare Gun\n[C] R1895"
  },
  {
    "link": "https://i.imgur.com/Os5BNNC.png",
    "body": "[A] SLR\n[B] MK14\n[C] MINI14"
  },
  {
    "link": "https://i.imgur.com/7sfxKJG.png",
    "body": "[A] Skorpion\n[B] R1895\n[C] P1911"
  },
  {
    "link": "https://i.imgur.com/WJWVB62.png",
    "body": "[A] CROSSBOW\n[B] M24\n[C] AWM"
  },
  {
    "link": "https://static.wikia.nocookie.net/battlegrounds_gamepedia_en/images/a/a2/Icon_weapon_Molotov.png/revision/latest?cb=20170410184229",
    "body": "[A] Molotov Cocktail\n[B] Smoke Grenade\n[C] Sticky Bomb"
  },
  {
    "link": "https://static.wikia.nocookie.net/battlegrounds_gamepedia_en/images/4/48/Icon_ammo_556mm.png/revision/latest?cb=20170410165143",
    "body": "[A] Bolt\n[B] 5.56mm\n[C] 9mm"
  },
  {
    "link": "https://i.imgur.com/1L28w2E.png",
    "body": "[A] S12K\n[B] SAWED-OFF\n[C] S686"
  },
  {
    "link": "https://static.wikia.nocookie.net/battlegrounds_gamepedia_en/images/8/8d/Icon_attach_Upper_CQBSS.png/revision/latest/scale-to-width-down/240?cb=20170410171000",
    "body": "[A] 4x ACOG Scope\n[B] 6x Scope\n[C] 8x CQBSS Scope"
  },
  {
    "link": "https://i.imgur.com/Jzs54Kj.png",
    "body": "[A] TOMMY GUN\n[B] UMP5K\n[C] VECTOR"
  },
  {
    "link": "https://static.wikia.nocookie.net/battlegrounds_gamepedia_en/images/f/f3/Icon_ammo_300Magnum.png/revision/latest/scale-to-width-down/240?cb=20170410165134",
    "body": "[A] 5.56mm\n[B] Flare\n[C] .300 Magnum"
  },
  {
    "link": "https://static.wikia.nocookie.net/battlegrounds_gamepedia_en/images/4/4d/Icon_attach_Upper_3x.png/revision/latest/scale-to-width-down/240?cb=20180501112711",
    "body": "[A] 15x PM II Scope\n[B] 3x Backlit Scope\n[C] Red Dot Sight"
  },
  {
    "link": "https://static.wikia.nocookie.net/battlegrounds_gamepedia_en/images/9/9b/Icon_attach_Muzzle_FlashHider_Large.png/revision/latest/scale-to-width-down/240?cb=20170410173851",
    "body": "[A] Choke (SG) \n[B] Flash Hider (AR, DMR, S12K)\n[C] Duckbill (SG)"
  }
]