[
  {
    "male": "https://i.ibb.co/3pKd9jZ/527105aba87a.jpg",
    "female": "https://i.ibb.co/M9B742X/f608cecc4265.jpg"
  },
  {
    "male": "https://symbols.vn/wp-content/uploads/2021/11/Hinh-Doi-Anime-Cat-San-tinh-yeu-lang-man-dep-nhat.jpg",
    "female": "https://symbols.vn/wp-content/uploads/2021/11/Hinh-Doi-Anime-Cat-San-tinh-yeu-lang-man.jpg"
  },
  {
    "male": "https://i.postimg.cc/CxcBYtvV/a4a4ef5ff53d2e63772c.jpg",
    "female": "https://i.postimg.cc/CxcBYtvV/a4a4ef5ff53d2e63772c.jpg"
  },
  {
    "male": "https://i.postimg.cc/85CJScFW/3bfd116e8ba650f809b753.jpg",
    "female": "https://i.postimg.cc/wjdVLC4P/d907f294685cb302ea4d54.jpg"
  },
  {
    "male": "https://i.postimg.cc/76c16dTK/e36ad6f94c31976fce2049.jpg",
    "female": "https://i.postimg.cc/bN10y6YR/f9c7d1544b9c90c2c98d51.jpg"
  },
  {
    "male": "https://i.postimg.cc/wMmXs2Xg/eee6b86d22a5f9fba0b439.jpg",
    "female": "https://i.postimg.cc/tT7t9p71/db69e4fa7e32a56cfc2340.jpg"
  },
  {
    "male": "https://i.postimg.cc/NG37whtM/f659c6ca5c02875cde1343.jpg",
    "female": "https://i.postimg.cc/zXh7Lz7K/c68df41e6ed6b588ecc744.jpg"
  },
  {
    "male": "https://i.postimg.cc/9MzMkkSY/739c5a0fc0c71b9942d652.jpg",
    "female": "https://i.postimg.cc/MHMnnLmp/5a1c6d8ff7472c19755650.jpg"
  },
  {
    "male": "https://i.postimg.cc/3wtNnhLw/524b64d8fe10254e7c0147.jpg",
    "female": "https://i.postimg.cc/66yYXLGH/8061b4f22e3af564ac2b48.jpg"
  },
  {
    "male": "https://i.postimg.cc/y6tJMV7g/4e1a1f9185595e07074837.jpg",
    "female": "https://i.postimg.cc/Sx7GrgwK/d22487af1d67c6399f7638.jpg"
  },
  {
    "male": "https://i.postimg.cc/bJFGNPb5/4c637ff0e5383e66672945.jpg",
    "female": "https://i.postimg.cc/MHCvVY9b/53db6248f88023de7a9146.jpg"
  },
  {
    "male": "https://i.postimg.cc/bwTQbstD/fc6bdcf846309d6ec42159.jpg",
    "female": "https://i.postimg.cc/xjhgTJv9/4598640bfec3259d7cd260.jpg"
  },
  {
    "male": "https://i.postimg.cc/6TxpypQM/363561befb762028796741.jpg",
    "female": "https://i.postimg.cc/htgLf9fR/fe13b6982c50f70eae4142.jpg"
  },
  {
    "male": "https://i.postimg.cc/CLHnrdk5/eb0e06f91c9bc7c59e8a.jpg",
    "female": "https://i.postimg.cc/RVznTw32/7f5491a38bc1509f09d0.jpg"
  },
  {
    "male": "https://i.postimg.cc/kgFBRKKK/50abbf3825f0feaea7e166.jpg",
    "female": "https://i.postimg.cc/8zV7CtJT/2d4cc0df5a178149d80665.jpg"
  },
  {
    "male": "https://i.postimg.cc/j27jx7RW/03862d15b7dd6c8335cc57.jpg",
    "female": "https://i.postimg.cc/h4zbwDH6/ef23c0b05a788126d86958.jpg"
  },
  {
    "male": "https://i.postimg.cc/TPdJHr6J/dfa43437aeff75a12cee63.jpg",
    "female": "https://i.postimg.cc/nz5zfkfb/2983c7105dd88686dfc964.jpg"
  },
  {
    "male": "https://i.postimg.cc/q7JgsqxY/168c3a1fa0d77b8922c655.jpg",
    "female": "https://i.postimg.cc/bvgDWkvp/0a962705bdcd66933fdc56.jpg"
  },
  {
    "male": "https://i.postimg.cc/R0gLrNC5/ec5e00cd9a05415b181461.jpg",
    "female": "https://i.postimg.cc/FsSfm2KP/22f8006b9aa341fd18b262.jpg"
  },
  {
    "male": "https://symbols.vn/wp-content/uploads/2021/11/Hinh-Doi-Anime-Cat-San-sieu-de-thuong-dang-yeu-nhat.jpg",
    "female": "https://symbols.vn/wp-content/uploads/2021/11/Hinh-Doi-Anime-Cat-San-sieu-de-thuong-dang-yeu.jpg"
  },
  {
    "male": "https://symbols.vn/wp-content/uploads/2021/11/Hinh-Doi-Anime-Cat-San-cuc-chat.jpg",
    "female": "https://symbols.vn/wp-content/uploads/2021/11/Hinh-Doi-Anime-Cat-San-cuc-chat-cho-couple.jpg"
  },
  {
    "male": "https://symbols.vn/wp-content/uploads/2021/11/Hinh-Doi-Anime-Cat-San-cuc-chat.jpg",
    "female": "https://symbols.vn/wp-content/uploads/2021/11/Hinh-Doi-Anime-Cat-San-cuc-chat-cho-couple.jpg"
  },
  {
    "male": "https://symbols.vn/wp-content/uploads/2021/11/Anh-cap-anime-dep-nam.jpg",
    "female": "https://symbols.vn/wp-content/uploads/2021/11/Anh-cap-anime-dep-nu.jpg"
  },
  {
    "male": "https://symbols.vn/wp-content/uploads/2021/11/Hinh-Doi-Anime-Cat-San-ngau-chat-nhat.jpg",
    "female": "https://symbols.vn/wp-content/uploads/2021/11/Hinh-Doi-Anime-Cat-San-ngau-chat.jpg"
  },
  {
    "male": "https://symbols.vn/wp-content/uploads/2021/11/Hinh-Doi-Anime-Cat-San-de-thuong-cho-couple.jpg",
    "female": "https://symbols.vn/wp-content/uploads/2021/11/Hinh-Doi-Anime-Cat-San-de-thuong.jpg"
  },
  {
    "male": "https://symbols.vn/wp-content/uploads/2021/11/Anh-cap-anime-nam.jpg",
    "female": "https://symbols.vn/wp-content/uploads/2021/11/Anh-cap-anime-nu.jpg"
  },
  {
    "male": "https://symbols.vn/wp-content/uploads/2021/11/Hinh-Doi-Anime-Cat-San-chibi-cute.jpg",
    "female": "https://symbols.vn/wp-content/uploads/2021/11/Hinh-Doi-Anime-Cat-San-chibi-cute-hot-me.jpg"
  },
  {
    "male": "https://i.ibb.co/Jn3tkg8/a1aab3d67644.jpg",
    "female": "https://i.ibb.co/CWx3NYc/8ad244372d8f.jpg"
  },
  {
    "male": "https://i.ibb.co/NW2dv07/58348a3d4008.jpg",
    "female": "https://i.ibb.co/sHkDdGd/87db7aaff335.jpg"
  },
  {
    "male": "https://i.ibb.co/yQzxptw/7faabc24c6ff.jpg",
    "female": "https://i.ibb.co/2Yk4P2B/47fd82f61fd1.jpg"
  },
  {
    "male": "https://sarkepo.com/wp-content/uploads/2021/09/PP-dino-2.jpg",
    "female": "https://sarkepo.com/wp-content/uploads/2021/09/PP-dino.jpg"
  },
  {
    "male": "https://i.ibb.co/HGZqdzb/9b8278060e2d.jpg",
    "female": "https://i.ibb.co/V3kX3Cv/bf29432e6e21.jpg"
  },
  {
    "male": "https://i.ibb.co/P17CTF9/924deeb25a3d.jpg",
    "female": "https://i.ibb.co/r55xYdy/8ee97786e6f8.jpg"
  },
  {
    "male": "https://sarkepo.com/wp-content/uploads/2021/09/pp-couple-anime-keren2.jpg",
    "female": "https://sarkepo.com/wp-content/uploads/2021/09/pp-couple-keren3.jpg"
  },
  {
    "male": "https://i.ibb.co/mSMmmGx/300e252914f3.jpg",
    "female": "https://i.ibb.co/LvTRt2w/c8f8d0b98c70.jpg"
  },
  {
    "male": "https://divedigital.id/wp-content/uploads/2021/10/6a.jpg",
    "female": "https://divedigital.id/wp-content/uploads/2021/10/6b.jpg"
  },
  {
    "male": "https://i.ibb.co/SmMvhb5/da465242e083.jpg",
    "female": "https://i.ibb.co/4gK0fVL/da35fc940b11.jpg"
  },
  {
    "male": "https://i.pinimg.com/736x/b2/af/d0/b2afd0727a668355ebb61e5df30f58cf.jpg",
    "female": "https://i.pinimg.com/736x/67/65/dc/6765dcb6a425414c76764026b2cbfb3d.jpg"
  },
  {
    "male": "https://i.pinimg.com/736x/01/dd/fe/01ddfe9938f4ed427862a43aa1196a11.jpg",
    "female": "https://i.pinimg.com/736x/18/31/34/18313425bd2f7bd2a03443e25636511a.jpg"
  },
  {
    "male": "https://i.pinimg.com/736x/01/dd/fe/01ddfe9938f4ed427862a43aa1196a11.jpg",
    "female": "https://i.pinimg.com/736x/18/31/34/18313425bd2f7bd2a03443e25636511a.jpg"
  },
  {
    "male": "https://i.pinimg.com/736x/0d/3e/81/0d3e817d5ecec37f68c8ed68d4474d45.jpg",
    "female": "https://i.pinimg.com/736x/d8/6b/aa/d86baadb9b7e62c70d9c4728b42af262.jpg"
  },
  {
    "male": "https://i.pinimg.com/236x/23/40/31/2340310d7da7e65fc976c00a1f43cb24.jpg",
    "female": "https://i.pinimg.com/236x/41/70/6d/41706d1f64190805f5d57b8688cab172.jpg"
  },
  {
    "male": "https://i.pinimg.com/236x/10/11/45/1011456e2bf48bd828dc0fd594aa9d2a.jpg",
    "female": "https://i.pinimg.com/236x/64/bc/26/64bc262d8fe03a0e30b448b0f88ac394.jpg"
  },
  {
    "male": "https://i.pinimg.com/736x/53/02/d0/5302d072ad94e3f6b6d56305e8b4ee88.jpg",
    "female": "https://i.pinimg.com/736x/a0/f2/6a/a0f26a675ab0d9cefb3a3fe4d3dfa32a.jpg"
  },
  {
    "male": "https://i.pinimg.com/736x/90/c2/ea/90c2eae7dfba6e4fbdebb8e36423dac1.jpg",
    "female": "https://i.pinimg.com/736x/cd/ad/71/cdad71cc921bd69ff8d499c44222fbe8.jpg"
  },
  {
    "male": "https://i.pinimg.com/236x/55/09/88/550988906e01055f1ea1b1e086bd36e5.jpg",
    "female": "https://i.pinimg.com/236x/26/b6/ee/26b6eec11e1458653e390a39f1013978.jpg"
  },
  {
    "male": "https://i.pinimg.com/236x/ae/e7/41/aee7419b209275e581e014059a96e302.jpg",
    "female": "https://i.pinimg.com/236x/47/a8/01/47a80174c0bf93abc8907fd6109330db.jpg"
  },
  {
    "male": "https://i.pinimg.com/236x/e9/36/0d/e9360d89d9b6e4ff113bcd604fe7d8c0.jpg",
    "female": "https://i.pinimg.com/236x/0e/bf/62/0ebf6223b930bdfff1cd4c5ba4860ab0.jpg"
  },
  {
    "male": "https://i.pinimg.com/236x/56/71/2b/56712b64e8ffff53480b42ef40112981.jpg",
    "female": "https://i.pinimg.com/236x/af/18/0c/af180cde9107874f03981d5c092f8190.jpg"
  },
  {
    "male": "https://i.pinimg.com/236x/53/c5/6c/53c56c8a117fa237a9104150e9d0e5d0.jpg",
    "female": "https://i.pinimg.com/236x/fb/09/64/fb096416b9346c10100b1f00a51db486.jpg"
  },
  {
    "male": "https://i.pinimg.com/236x/71/56/5e/71565e2b116c51798d5adc62bf7f0a57.jpg",
    "female": "https://i.pinimg.com/236x/f8/38/2b/f8382b52acae68dddf76b217f935cfe5.jpg"
  },
  {
    "male": "https://i.pinimg.com/236x/0d/3b/86/0d3b863aad833f96c22abb5383419b91.jpg",
    "female": "https://i.pinimg.com/236x/67/42/a3/6742a3ed443ae8f853169f6bf7584f50.jpg"
  },
  {
    "male": "https://i.pinimg.com/236x/f0/5d/25/f05d2574590c13290bdf778dd0ba2d52.jpg",
    "female": "https://i.pinimg.com/236x/62/c0/c3/62c0c33987259706e214545b58da9627.jpg"
  },
  {
    "male": "https://i.ibb.co/DgdBT0r/d1cfc573c584.jpg",
    "female": "https://i.ibb.co/kGHZsfH/71916990ed01.jpg"
  },
  {
    "male": "https://i.pinimg.com/236x/53/29/29/532929e84bf6ab22f503c5f561cfd3ec.jpg",
    "female": "https://i.pinimg.com/236x/09/01/46/090146d87ec64a1dd6f234a432a6d062.jpg"
  },
  {
    "male": "https://i.pinimg.com/236x/46/d4/05/46d405a30a3c86d0b05e7ac02bd897f0.jpg",
    "female": "https://i.pinimg.com/236x/73/0b/95/730b9569d3a4413500561f254e49a226.jpg"
  },
  {
    "male": "https://telegra.ph/file/f66a2aa1d2a47b7d03643.jpg",
    "female": "https://telegra.ph/file/5f8ad151fdb134c75222a.jpg"
  },
  {
    "male": "https://i.ibb.co/cNhsYRV/7bff8e448134.jpg",
    "female": "https://i.ibb.co/j37Sc7X/a9600c228a8b.jpg"
  },
  {
    "male": "https://i.ibb.co/Xkp1wx5/3a15abeb6394.jpg",
    "female": "https://i.ibb.co/8mzjZrt/3b2d60d15de4.jpg"
  },
  {
    "male": "https://i.ibb.co/JzMhQ2P/45754b045a6d.jpg",
    "female": "https://i.ibb.co/nmftFnS/a1f2218f7c32.jpg"
  },
  {
    "male": "https://divedigital.id/wp-content/uploads/2021/10/11a.jpg",
    "female": "https://divedigital.id/wp-content/uploads/2021/10/11b.jpg"
  },
  {
    "male": "https://telegra.ph/file/10a2f516c8ec76ba243bb.jpg",
    "female": "https://telegra.ph/file/52848ee5130bf02b2c034.jpg"
  },
  {
    "male": "https://i.ibb.co/RYB9JWG/4428e27ef288.jpg",
    "female": "https://i.ibb.co/LCnJfT7/5732f5315f2f.jpg"
  },
  {
    "male": "https://i.ibb.co/LpctfNL/e1a158f621ba.jpg",
    "female": "https://i.ibb.co/YXpvh3j/2a91663a9f0a.jpg"
  },
  {
    "male": "https://i.ibb.co/DbMk8nL/957395cbf134.jpg",
    "female": "https://i.ibb.co/LQ4WJMR/f13a01cc7301.jpg"
  },
  {
    "male": "https://i.ibb.co/CbdscQp/5918b5b3b674.jpg",
    "female": "https://i.ibb.co/ZWjNrZt/8257e3c9ffc0.jpg"
  },
  {
    "male": "https://i.ibb.co/P1SsfbG/a12d71cd6b9a.jpg",
    "female": "https://i.ibb.co/p4Xp2Xh/d7f6c5420b7a.jpg"
  },
  {
    "male": "https://i.ibb.co/WykFqbW/57f78370f1e2.jpg",
    "female": "https://i.ibb.co/FWSCd2C/81e637d4a839.jpg"
  },
  {
    "male": "https://i.ibb.co/8069RmW/cfe9ed16a5b4.jpg",
    "female": "https://i.ibb.co/gPFp1DG/0e16334be10c.jpg"
  },
  {
    "male": "https://i.ibb.co/Tbj6tzF/e93d133529d5.jpg",
    "female": "https://i.ibb.co/wwpFfqH/98bc4eb86562.jpg"
  },
  {
    "male": "https://i.ibb.co/jV99YKk/IMG-20210920-WA0284.jpg",
    "female": "https://i.ibb.co/3BLBPpd/IMG-20210920-WA0283.jpg"
  },
  {
    "male": "https://i.ibb.co/CJpdHyJ/348e5a66c088.jpg",
    "female": "https://i.ibb.co/9wd2mTM/fd4b6af0ccac.jpg"
  },
  {
    "male": "https://i.ibb.co/rxBN0S5/bd3b07b67ad6.jpg",
    "female": "https://i.ibb.co/6BYPMjC/4b36a8dfca20.jpg"
  },
  {
    "male": "https://i.ibb.co/b3sMMnW/a13cdff40c6e.jpg",
    "female": "https://i.ibb.co/LgPn4vL/257ab65eb79d.jpg"
  },
  {
    "male": "https://i.ibb.co/NFPKcPj/6d61f9c4cede.jpg",
    "female": "https://i.ibb.co/FwRqPDn/206818911fdd.jpg"
  },
  {
    "male": "https://sarkepo.com/wp-content/uploads/2021/09/Couple-terpisah-768x768.jpg",
    "female": "https://sarkepo.com/wp-content/uploads/2021/09/Coplue-terpisah-768x768.jpg"
  },
  {
    "male": "https://i.ibb.co/xgTsmW8/7ca77ee661d6.jpg",
    "female": "https://i.ibb.co/DMPWv4S/e3af8d2a6673.jpg"
  },
  {
    "male": "https://sarkepo.com/wp-content/uploads/2021/09/PP-dino3-1.jpg",
    "female": "https://sarkepo.com/wp-content/uploads/2021/09/PP-dino4.jpg"
  },
  {
    "male": "https://i.ibb.co/3CLJfw3/151663d07c51.jpg",
    "female": "https://i.ibb.co/zXsJQ8R/96d088d2e0a0.jpg"
  },
  {
    "male": "https://telegra.ph/file/c78595ee61186fab35568.jpg",
    "female": "https://telegra.ph/file/e2817d22dbffc1bbfd0b4.jpg"
  },
  {
    "male": "https://i.ibb.co/ypvdYHW/7905e485ff20.jpg",
    "female": "https://i.ibb.co/4Z5rJrn/465bf6b56d86.jpg"
  },
  {
    "male": "https://sarkepo.com/wp-content/uploads/2021/09/pp-couple-anime2.jpg",
    "female": "https://sarkepo.com/wp-content/uploads/2021/09/pp-couple-anime1.jpg"
  },
  {
    "male": "https://divedigital.id/wp-content/uploads/2021/10/15b.jpg",
    "female": "https://divedigital.id/wp-content/uploads/2021/10/15a.jpg"
  },
  {
    "male": "https://divedigital.id/wp-content/uploads/2021/10/18b.jpg",
    "female": "https://divedigital.id/wp-content/uploads/2021/10/18a.jpg"
  },
  {
    "male": "https://i.ibb.co/rf6pKtp/53a463d8ebe9.jpg",
    "female": "https://i.ibb.co/Z2bDP7m/48990865816b.jpg"
  },
  {
    "male": "https://i.ibb.co/rf6pKtp/53a463d8ebe9.jpg",
    "female": "https://i.ibb.co/Z2bDP7m/48990865816b.jpg"
  },
  {
    "male": "https://i.ibb.co/R72GdTZ/30ebace5e0c1.jpg",
    "female": "https://i.ibb.co/7Rnb3Y0/d1459d6b3f59.jpg"
  },
  {
    "male": "https://i.pinimg.com/236x/6c/51/0f/6c510ff49aa31d545d5c77dbb1abdf9a.jpg",
    "female": "https://i.pinimg.com/236x/7f/91/7a/7f917a27d1203ad12586af300433d667.jpg"
  },
  {
    "male": "https://i.pinimg.com/236x/31/65/11/3165112d45d84d53d08e7364dce9a511.jpg",
    "female": "https://i.pinimg.com/236x/27/06/71/27067185810a935bf7b35a8cd9c333ef.jpg"
  },
  {
    "male": "https://i.pinimg.com/236x/64/7e/3b/647e3bd0a90869e8481c7cc1d00d5511.jpg",
    "female": "https://i.pinimg.com/236x/f1/ae/4f/f1ae4fb82943f1013c7092a53b83d039.jpg"
  },
  {
    "male": "https://i.pinimg.com/236x/af/37/48/af3748722d6f4915dacc1f259ffe04c7.jpg",
    "female": "https://i.pinimg.com/236x/08/61/5f/08615f7b04ce797ca5577f093b213436.jpg"
  },
  {
    "male": "https://i.pinimg.com/236x/7c/2f/e2/7c2fe23b7cfdd2684471e0f698656ae4.jpg",
    "female": "https://i.pinimg.com/236x/d7/43/3e/d7433e259f05437852b3a17f5e86ff19.jpg"
  },
  {
    "male": "https://i.pinimg.com/236x/68/88/bd/6888bd54528cba858f206ba46aaf5356.jpg",
    "female": "https://i.pinimg.com/236x/9e/36/06/9e360661906676db4e7f8e2ed6e31b7f.jpg"
  },
  {
    "male": "https://i.pinimg.com/236x/40/52/90/405290091c188537f5e45ffdfa7178f3.jpg",
    "female": "https://i.pinimg.com/236x/a2/64/de/a264de3932ac4b044d91cb4133985162.jpg"
  },
  {
    "male": "https://i.pinimg.com/236x/12/9c/39/129c396326129d49687e0351db830a01.jpg",
    "female": "https://i.pinimg.com/236x/43/c3/d3/43c3d3f6328de9f352eda7692c8d3dd8.jpg"
  },
  {
    "male": "https://i.pinimg.com/236x/19/56/dd/1956dd421c8f252c43efa8e605f1b767.jpg",
    "female": "https://i.pinimg.com/236x/3f/b6/b0/3fb6b002d287b4b72d04a600480e6bbc.jpg"
  },
  {
    "male": "https://i.pinimg.com/236x/11/91/9b/11919bac5ef8aa5659161e7a88347a82.jpg",
    "female": "https://i.pinimg.com/236x/2f/0e/f6/2f0ef6baed75842997ba003c03e790b4.jpg"
  },
  {
    "male": "https://i.pinimg.com/236x/f1/77/ab/f177ab1154ca367cf408de960dddb462.jpg",
    "female": "https://i.pinimg.com/236x/aa/2e/7e/aa2e7e70c3eb7bb02f5890c5ce10ff7c.jpg"
  },
  {
    "male": "https://i.pinimg.com/236x/26/a8/55/26a8552b601586bc310b9fd2ede2efdc.jpg",
    "female": "https://i.pinimg.com/236x/d5/df/76/d5df76921d852c08122466d7e3fe39b0.jpg"
  },
  {
    "male": "https://i.pinimg.com/236x/26/40/71/2640719755876fa822cbeba4cefec451.jpg",
    "female": "https://i.pinimg.com/236x/a8/48/d1/a848d14257a092150f7c73ea157cfb28.jpg"
  },
  {
    "male": "https://i.pinimg.com/236x/69/dd/9a/69dd9a48be7b914149d88954e8670564.jpg",
    "female": "https://i.pinimg.com/236x/c9/1d/f5/c91df5a348e04e0df389c24e45b78d58.jpg"
  },
  {
    "male": "https://sarkepo.com/wp-content/uploads/2021/09/pp-couple-terpisah.jpg",
    "female": "https://sarkepo.com/wp-content/uploads/2021/09/pp-couple-terpisah1.jpg"
  }
]